actor,mean,std,min,max,count
DidVCActor,1116.24,101.67100040440401,988,1543,100
SolidVCActor,877.25,79.85585182506709,768,1116,100
