actor,mean,std,min,max,count
Bls12381G2VCActor,3546.78,2225.697913832055,2938,19215,100
SolidVCActor,127.1,9.77473552304381,110,159,100
